username|email|role|dr|brand|date|nbtransacm0|nbtransacytd|txtransacnpem0|txtransacnvem0|txtransacnpeytd|txtransacnveytd|txtransacnpesm0|txtransacnvesm0|txtransacnpesytd|txtransacnvesytd|txtransacnpesam0|txtransacnvesam0|txtransacnpesaytd|txtransacnvesaytd|ranknpem0|ranknpeytd|ranknpesm0|ranknpesytd|ranknpesam0|ranknpesaytd|nbreclientscontactablesemailh|nbreclientsinactifsemailh|nbreclientsanimesm0|nbreclientstransformesm0|caclientstransformesm0|cacrmytd
001 SAINT FERREOL|Stferreol1@louispion.fr|ROLE_BOUTIQUE|Claire LUNGAVIA|LOUIS PION|2016-05-01 00:00:00+02|337|1731|44.51|9.79|31.48|5.89|41.84|9.79|30.16|5.89|33.23|8.90|17.27|3.76|39|67|33|58|29|69|562|460|712|12|759|2452.22
002 LE PONTET|avignonpontet2@louispion.fr|ROLE_BOUTIQUE|Claire LUNGAVIA|LOUIS PION|2016-05-01 00:00:00+02|662|3240|30.51|3.17|25.56|2.65|28.10|3.63|24.01|2.69|25.38|3.02|21.02|2.41|89|99|81|88|54|55|1309|1339|1825|43|4332.6|14810.88
003 VITROLLES|vitrolles3@louispion.fr|ROLE_BOUTIQUE|Claire LUNGAVIA|LOUIS PION|2016-05-01 00:00:00+02|513|2473|21.05|1.75|26.77|2.67|20.47|1.75|25.72|2.79|6.63|1.56|12.37|1.86|113|90|104|78|119|96|706|790|1004|11|1747.4|10229.9
004 AVANT CAP|avantcap4@louispion.fr|ROLE_BOUTIQUE|Claire LUNGAVIA|LOUIS PION|2016-05-01 00:00:00+02|700|3391|18.57|2.14|26.75|3.01|17.43|2.29|25.98|3.01|14.57|2.00|16.13|1.95|116|92|114|77|92|80|937|932|1371|28|2164.5|8178.74
005 AIX EN PROVENCE|Aix5@louispion.fr|ROLE_BOUTIQUE|Claire LUNGAVIA|LOUIS PION|2016-05-01 00:00:00+02|666|3139|35.74|5.41|36.41|6.08|33.93|5.11|33.55|5.45|13.06|2.25|15.61|4.11|70|47|59|43|97|83|1397|1166|1874|52|4716.1|19447.48
006 AUBAGNE|Aubagne6@louispion.fr|ROLE_BOUTIQUE|Claire LUNGAVIA|LOUIS PION|2016-05-01 00:00:00+02|436|2090|44.04|10.55|38.76|9.71|41.97|11.01|36.94|9.43|41.51|11.01|36.46|9.43|42|40|31|32|14|17|1213|1498|1691|30|5167.9|18288.48
007 VILLARS|Villars7@louispion.fr|ROLE_BOUTIQUE|Céline BRAISSAND|LOUIS PION|2016-05-01 00:00:00+02|607|3079|33.94|1.98|35.04|2.47|30.97|1.65|31.70|2.18|16.80|2.64|18.42|2.83|76|57|69|52|81|64|963|478|1210|42|3621.3|13788.65
009 PERPIGNAN|Perpignan9@louispion.fr|ROLE_BOUTIQUE|Romain DEBROISE|LOUIS PION|2016-05-01 00:00:00+02|813|3854|17.47|4.31|19.15|3.48|14.15|3.69|16.50|2.88|13.90|3.69|16.17|3.06|119|117|118|114|93|79|1144|1682|1704|33|4273.2|17503.67
010 ANNECY|Annecy10@louispion.fr|ROLE_BOUTIQUE|Céline BRAISSAND|LOUIS PION|2016-05-01 00:00:00+02|712|3710|33.71|7.30|36.50|7.68|30.06|6.74|33.10|7.17|28.37|7.87|31.78|7.52|78|46|75|46|45|26|1649|1874|2308|55|3987.9|23199.8
012 TOULON GRAND VAR|Toulonvar12@louispion.fr|ROLE_BOUTIQUE|Claire LUNGAVIA|LOUIS PION|2016-05-01 00:00:00+02|673|3302|26.15|13.52|26.41|12.30|24.67|13.22|25.32|11.69|4.46|3.71|3.97|4.03|101|93|95|80|127|128|831|907|1224|23|1431.8|7411.81
013 NICE LINGOSTIERE|nicelingostiere13@louispion.fr|ROLE_BOUTIQUE|Claire LUNGAVIA|LOUIS PION|2016-05-01 00:00:00+02|387|2075|29.20|3.88|29.54|4.58|27.65|3.88|27.86|4.43|23.00|3.10|26.36|4.43|94|81|84|67|58|37|818|878|1038|22|1167|8377.75
014 NICE TNL|nicetnl14@louispion.fr|ROLE_BOUTIQUE|Claire LUNGAVIA|LOUIS PION|2016-05-01 00:00:00+02|553|2544|29.66|5.06|20.68|3.89|26.40|4.88|18.91|3.73|26.04|5.06|18.32|3.62|91|114|91|102|53|66|771|1155|894|29|2354.1|7705.75
016 SAINT PRIEST|stpriest16@louispion.fr|ROLE_BOUTIQUE|Céline BRAISSAND|LOUIS PION|2016-05-01 00:00:00+02|598|3117|63.04|8.36|55.12|7.51|56.35|7.53|51.27|6.83|53.51|9.53|47.99|8.95|5|5|10|4|5|4|1889|1600|2541|64|6913.3|27140.07
017 ECULLY|ecully17@louispion.fr|ROLE_BOUTIQUE|Céline BRAISSAND|LOUIS PION|2016-05-01 00:00:00+02|824|4012|29.49|2.43|24.45|1.72|26.70|1.94|21.96|1.57|16.63|1.70|16.40|1.45|92|103|88|96|84|76|936|586|1212|33|2383.5|12708.1
018 TOULON MAYOL|Toulonmayol18@louispion.fr|ROLE_BOUTIQUE|Claire LUNGAVIA|LOUIS PION|2016-05-01 00:00:00+02|413|2048|47.46|8.96|39.84|7.57|44.79|8.72|37.45|7.18|40.68|7.26|31.01|6.54|30|35|27|29|18|27|1002|965|1325|37|2923|9866.13
019 PORTET S/ GARONNE|toulouseportet19@louispion.fr|ROLE_BOUTIQUE|Romain DEBROISE|LOUIS PION|2016-05-01 00:00:00+02|512|2536|43.16|12.30|39.27|7.57|40.63|11.13|37.11|6.90|37.50|9.38|35.09|6.82|46|37|37|31|22|22|1406|1601|2011|36|2703.2|12015.14
020 TOULOUSE GRAMONT|toulousegramont20@louispion.fr|ROLE_BOUTIQUE|Romain DEBROISE|LOUIS PION|2016-05-01 00:00:00+02|713|3458|34.64|7.85|31.41|7.00|31.00|6.73|27.15|5.52|29.59|7.01|24.75|5.23|72|69|68|70|42|42|988|720|1330|29|2042.2|7374.01
021 BORDEAUX LE LAC|bordeauxlelac21@louispion.fr|ROLE_BOUTIQUE|Romain DEBROISE|LOUIS PION|2016-05-01 00:00:00+02|627|3213|21.85|2.07|25.86|2.43|18.82|1.91|23.65|2.18|9.09|1.44|11.58|1.65|111|97|108|89|111|97|1444|1721|2051|41|2805|14162.05
024 NICE ETOILE|niceetoile24@louispion.fr|ROLE_BOUTIQUE|Claire LUNGAVIA|LOUIS PION|2016-05-01 00:00:00+02|944|4559|26.80|5.08|26.76|4.12|23.52|4.98|24.68|3.95|21.61|4.66|22.94|3.47|100|91|96|84|61|49|1369|1237|1768|36|2698.6|12614.64
026 PONTAULT COMBAULT|pontault26@louispion.fr|ROLE_BOUTIQUE|Steve BENDJAICHE|LOUIS PION|2016-05-01 00:00:00+02|610|3037|62.13|6.39|49.42|4.58|59.18|6.07|45.90|4.28|16.23|3.61|14.42|2.37|7|12|6|11|86|88|1356|958|1765|60|5042.1|14461.33
027 CLAYE SOUILLY|clayesouilly27@louispion.fr|ROLE_BOUTIQUE|Steve BENDJAICHE|LOUIS PION|2016-05-01 00:00:00+02|769|3653|57.09|4.03|46.32|4.63|54.10|4.81|43.64|5.04|16.64|5.33|13.88|3.89|14|20|13|17|83|92|1371|586|1657|68|5667|14594.48
028 FACHES THUMESNIL|Faches28@louispion.fr|ROLE_BOUTIQUE|Jérémie BOURGAIN|LOUIS PION|2016-05-01 00:00:00+02|897|4116|44.04|5.91|38.53|3.13|39.46|4.57|34.79|2.62|33.11|4.79|27.11|2.77|43|42|42|39|30|34|1829|1651|2412|77|4710.5|21835.09
029 RONCQ|Roncq29@louispion.fr|ROLE_BOUTIQUE|Jérémie BOURGAIN|LOUIS PION|2016-05-01 00:00:00+02|1015|4725|35.67|23.94|25.84|13.31|22.27|9.46|16.78|5.57|19.11|9.06|13.97|5.33|71|98|101|111|69|91|1200|817|1461|44|3619.5|13487.06
030 SAINT GENIS 2|stgenis30@louispion.fr|ROLE_BOUTIQUE|Céline BRAISSAND|LOUIS PION|2016-05-01 00:00:00+02|646|3212|41.95|5.26|44.40|4.05|35.60|4.18|39.07|3.36|30.96|3.72|35.46|3.11|50|23|55|23|38|21|1446|1276|1936|58|3254.3|14497.53
031 NOYELLES GODAULT|Noyelles31@louispion.fr|ROLE_BOUTIQUE|Jérémie BOURGAIN|LOUIS PION|2016-05-01 00:00:00+02|422|2320|48.82|21.33|40.60|11.08|47.16|19.43|33.62|9.61|13.27|4.50|9.22|3.66|28|29|23|42|96|108|1128|1234|1579|37|2140.77|11818.77
032 ST BRICE SOUS FORET|Stbrice32@louispion.fr|ROLE_BOUTIQUE|Stéphane MORICEAU|LOUIS PION|2016-05-01 00:00:00+02|632|2614|24.53|3.48|24.87|2.30|22.31|3.32|22.15|2.14|14.87|2.53|14.73|1.80|104|102|100|95|90|85|691|585|908|25|1913|10231.47
033 ST SEBASTIEN S/ LOIRE|stsebastien33@louispion.fr|ROLE_BOUTIQUE|David DESGARCEAUX|LOUIS PION|2016-05-01 00:00:00+02|688|3357|38.95|6.25|29.91|6.26|33.58|6.54|25.14|5.78|32.56|6.10|24.55|5.75|60|79|60|81|33|43|1255|1245|1698|42|2670.2|12249.89
036 MONTESSON|montesson36@louispion.fr|ROLE_BOUTIQUE|Steve BENDJAICHE|LOUIS PION|2016-05-01 00:00:00+02|654|2761|55.50|14.07|46.47|10.03|53.21|12.69|43.86|9.16|20.64|6.88|16.55|5.58|18|18|14|15|65|74|1183|694|1407|48|3760.7|13973.81
037 CAP 3000|cap300037@louispion.fr|ROLE_BOUTIQUE|Claire LUNGAVIA|LOUIS PION|2016-05-01 00:00:00+02|341|1696|20.53|3.23|30.66|3.18|19.65|3.23|29.13|3.07|17.01|2.64|27.00|2.83|114|75|106|59|79|36|814|856|1047|23|1883.2|10576.23
038 VALENCE|valence38@louispion.fr|ROLE_BOUTIQUE|Céline BRAISSAND|LOUIS PION|2016-05-01 00:00:00+02|381|1884|47.24|9.19|50.42|10.46|45.14|9.19|47.72|9.87|35.70|6.30|35.51|6.48|31|10|26|9|24|19|1065|964|1452|33|3461.2|13135.49
040 VENETTE|Venette40@louispion.fr|ROLE_BOUTIQUE|Jérémie BOURGAIN|LOUIS PION|2016-05-01 00:00:00+02|551|2586|49.73|4.54|44.28|4.41|48.09|4.90|41.84|4.22|41.38|3.99|35.00|3.71|26|24|21|19|16|23|1019|599|1290|29|1778|7456.25
041 VALTHOIRY|valthoiry41@louispion.fr|ROLE_BOUTIQUE|Céline BRAISSAND|LOUIS PION|2016-05-01 00:00:00+02|841|4064|31.87|9.63|31.23|10.01|18.79|7.61|19.14|7.21|17.36|7.85|16.93|7.14|87|71|109|101|76|71|1064|688|1388|57|4437|23644.14
042 LA VILLE DU BOIS|Villedubois42@louispion.fr|ROLE_BOUTIQUE|Stéphane MORICEAU|LOUIS PION|2016-05-01 00:00:00+02|688|3346|33.58|2.47|15.93|1.29|30.38|2.33|13.90|1.11|17.88|1.89|9.29|1.08|79|122|73|121|74|107|530|375|655|32|2656.3|8699.86
044 CERGY PONTOISE|Cergy44@louispion.fr|ROLE_BOUTIQUE|Steve BENDJAICHE|LOUIS PION|2016-05-01 00:00:00+02|615|2976|61.30|8.62|39.55|4.74|58.70|8.29|36.90|4.47|18.54|2.93|13.47|1.98|8|36|7|33|73|94|1211|985|1581|41|2236.7|13715.95
046 AVIGNON MISTRAL 7|avignonmistral46@louispion.fr|ROLE_BOUTIQUE|Claire LUNGAVIA|LOUIS PION|2016-05-01 00:00:00+02|455|2367|24.18|3.30|29.95|3.42|22.64|3.08|28.09|3.30|5.05|0.22|7.94|1.18|106|78|99|65|124|115|875|808|1189|21|1988.2|11355.68
048 BORDEAUX ST MEDARD|bordeauxmedard48@louispion.fr|ROLE_BOUTIQUE|Romain DEBROISE|LOUIS PION|2016-05-01 00:00:00+02|563|2706|47.07|5.15|35.37|3.22|41.92|4.09|31.01|2.85|41.56|4.09|30.82|2.81|33|55|32|54|13|28|913|707|1190|44|2763|9380.7
049 NOISY LE GRAND|noisy49@louispion.fr|ROLE_BOUTIQUE|Steve BENDJAICHE|LOUIS PION|2016-05-01 00:00:00+02|658|3567|51.52|8.66|35.63|5.47|49.39|8.36|33.22|4.93|11.70|5.17|10.34|3.22|23|53|17|45|105|105|1101|583|1348|32|2182.2|9315.53
051 LE MANS|lemans51@louispion.fr|ROLE_BOUTIQUE|David DESGARCEAUX|LOUIS PION|2016-05-01 00:00:00+02|648|3326|44.75|8.02|38.70|6.22|40.90|7.41|35.12|5.71|40.90|7.41|34.85|5.83|37|41|35|38|17|24|1515|1680|2096|69|4911.2|20259.28
053 STRASBOURG LES HALLES|strasbourg53@louispion.fr|ROLE_BOUTIQUE|Jérémie BOURGAIN|LOUIS PION|2016-05-01 00:00:00+02|304|1620|42.76|23.36|46.48|16.54|40.13|23.36|40.19|15.12|23.03|14.14|15.93|7.35|47|17|39|20|57|81|891|748|1207|14|886.1|7755.45
054 CENTRE 2 ST ETIENNE|stetienne54@louispion.fr|ROLE_BOUTIQUE|Céline BRAISSAND|LOUIS PION|2016-05-01 00:00:00+02|373|2255|58.45|5.09|58.89|5.32|54.16|5.09|55.39|5.01|53.62|5.36|54.72|5.28|11|3|12|3|4|1|1642|1926|2321|46|4491.3|26689.34
055 GRENOBLE GRAND PLACE|Grenoblegdplace55@louispion.fr|ROLE_BOUTIQUE|Céline BRAISSAND|LOUIS PION|2016-05-01 00:00:00+02|635|3113|49.76|4.41|47.48|4.88|47.24|4.88|44.30|4.56|26.30|2.68|23.39|2.47|25|15|22|14|51|47|1595|1575|2232|70|5554|22597.74
057 GONFREVILLE|Gonfreville57@louispion.fr|ROLE_BOUTIQUE|David DESGARCEAUX|LOUIS PION|2016-05-01 00:00:00+02|574|3007|48.26|9.41|49.29|8.45|43.55|8.01|45.03|7.35|42.68|7.84|44.16|7.28|29|13|28|12|12|7|1710|2198|2455|84|5251.4|29798.02
062 VELIZY|velizy62@louispion.fr|ROLE_BOUTIQUE|Steve BENDJAICHE|LOUIS PION|2016-05-01 00:00:00+02|684|3948|71.20|7.60|54.48|7.07|65.94|6.73|49.47|6.64|15.35|2.05|12.84|2.10|1|7|1|6|88|95|2352|1650|3038|70|6221.3|34636.47
063 MERIGNAC|merignac63@louispion.fr|ROLE_BOUTIQUE|Romain DEBROISE|LOUIS PION|2016-05-01 00:00:00+02|791|3899|34.64|3.16|29.42|2.41|28.45|2.53|24.98|1.87|24.02|2.02|19.31|1.56|73|83|80|82|55|62|1448|1515|1990|60|3505.4|15178.97
064 CARRE SENART|carresenart64@louispion.fr|ROLE_BOUTIQUE|Stéphane MORICEAU|LOUIS PION|2016-05-01 00:00:00+02|516|2742|40.89|4.65|35.01|3.65|37.02|4.07|30.67|3.06|19.38|2.71|16.89|2.08|55|58|47|56|67|72|1263|932|1620|41|2954|14006.53
066 CRETEIL|creteilsoleil66@louispion.fr|ROLE_BOUTIQUE|Steve BENDJAICHE|LOUIS PION|2016-05-01 00:00:00+02|811|3979|56.97|10.11|46.49|7.94|34.16|5.43|32.77|5.81|7.89|4.81|7.06|4.50|15|16|58|48|117|119|1896|1428|2483|58|7017|29060.39
067 TOURS|Tourscentre67@louispion.fr|ROLE_BOUTIQUE|David DESGARCEAUX|LOUIS PION|2016-05-01 00:00:00+02|561|2846|20.32|6.24|19.22|4.29|17.11|4.81|14.93|2.99|16.93|4.63|14.37|3.06|115|116|115|119|80|89|627|530|814|15|999|8083.15
071 BAY 2 TORCY|bay2torcy71@louispion.fr|ROLE_BOUTIQUE|Steve BENDJAICHE|LOUIS PION|2016-05-01 00:00:00+02|663|3484|53.85|8.60|40.07|6.52|48.27|7.69|35.62|5.80|12.67|6.49|10.79|4.25|20|33|20|37|100|104|1269|779|1601|65|3854.4|16716.16
072 BRETIGNY|Bretigny72@louispion.fr|ROLE_BOUTIQUE|Stéphane MORICEAU|LOUIS PION|2016-05-01 00:00:00+02|911|4723|11.75|3.40|12.96|2.60|9.77|2.96|10.65|2.14|6.92|2.85|7.03|1.65|125|124|125|125|118|120|779|874|1089|28|2640.2|11464.25
073 EVRY 2|evrydeux73@louispion.fr|ROLE_BOUTIQUE|Stéphane MORICEAU|LOUIS PION|2016-05-01 00:00:00+02|491|2536|22.61|2.85|20.70|3.12|18.13|2.24|17.47|2.52|15.07|2.85|15.89|2.80|109|113|111|109|89|82|507|500|686|11|1260.1|6417.04
074 CAEN CENTRE VILLE|Caen74@louispion.fr|ROLE_BOUTIQUE|David DESGARCEAUX|LOUIS PION|2016-05-01 00:00:00+02|505|2460|42.38|2.77|37.48|2.80|39.60|1.98|33.90|2.52|39.41|2.18|33.82|2.60|49|44|40|41|19|25|1229|1463|1788|67|3215.3|10890.19
075 NANCY|Nancy75@louispion.fr|ROLE_BOUTIQUE|Jérémie BOURGAIN|LOUIS PION|2016-05-01 00:00:00+02|668|3231|46.56|4.79|30.83|3.16|39.07|3.59|23.31|2.23|26.95|2.69|18.57|2.20|34|73|43|91|48|63|1084|985|1444|37|2963.3|7665.46
077 SENS|sens77@louispion.fr|ROLE_BOUTIQUE|Stéphane MORICEAU|LOUIS PION|2016-05-01 00:00:00+02|0||0.0|0.0|0.0|0.0|0.0|0.0|0.0|0.0|0.0|0.0|0.0|0.0|132|133|132|133|132|133|87|131|128|0|0|142
079 ECHIROLLES|echirolles79@louispion.fr|ROLE_BOUTIQUE|Céline BRAISSAND|LOUIS PION|2016-05-01 00:00:00+02|564|2672|44.33|7.09|35.07|5.01|40.78|5.85|31.92|4.30|31.03|4.79|24.89|4.08|41|56|36|51|36|41|1071|1032|1464|49|2626|10208.51
080 LILLE TANNEURS|lille80@louispion.fr|ROLE_BOUTIQUE|Jérémie BOURGAIN|LOUIS PION|2016-05-01 00:00:00+02|818|3889|58.44|4.65|55.88|6.43|50.73|3.91|48.70|5.45|49.88|4.77|47.78|6.02|12|4|16|7|7|5|2199|1922|2965|76|4396|18736.96
081 Cora HOUDEMONT|Nancy81@louispion.fr|ROLE_BOUTIQUE|Jérémie BOURGAIN|LOUIS PION|2016-05-01 00:00:00+02|1041|4831|44.48|6.44|34.03|5.28|28.72|3.46|22.91|3.31|18.92|2.50|20.37|3.15|40|60|78|92|70|59|1968|2012|2743|82|6891|23660.44
092 BRY SUR MARNE|092brysurmarne@louispion.fr|ROLE_BOUTIQUE|Steve BENDJAICHE|LOUIS PION|2016-05-01 00:00:00+02|0||0.0|0.0|0.0|0.0|0.0|0.0|0.0|0.0|0.0|0.0|0.0|0.0|133|134|133|134|133|134|270|361|394|5|439.76|2087.46
106 ROUEN|rouen106@louispion.fr|ROLE_BOUTIQUE|David DESGARCEAUX|LOUIS PION|2016-05-01 00:00:00+02|533|2740|43.90|4.50|29.27|3.47|35.46|3.75|24.49|3.18|34.15|3.75|23.69|3.32|44|84|56|86|27|46|948|912|1288|38|3285.5|10404.78
116 COQUELLES|Calais116@louispion.fr|ROLE_BOUTIQUE|Jérémie BOURGAIN|LOUIS PION|2016-05-01 00:00:00+02|709|3169|37.09|5.78|25.31|3.79|31.73|4.80|21.39|3.12|30.61|5.08|20.92|3.28|67|101|67|98|40|56|971|902|1292|34|3401.8|7569.14
120 BREST|brest120@louispion.fr|ROLE_BOUTIQUE|David DESGARCEAUX|LOUIS PION|2016-05-01 00:00:00+02|606|3161|47.19|4.13|21.04|1.80|40.59|4.29|18.35|1.68|30.86|3.80|16.26|1.55|32|112|38|103|39|77|639|401|770|16|1186|5537.11
122 ANGERS|angers122@louispion.fr|ROLE_BOUTIQUE|David DESGARCEAUX|LOUIS PION|2016-05-01 00:00:00+02|530|2684|57.36|6.60|42.88|3.91|54.91|6.23|37.70|3.35|53.96|6.04|37.26|3.28|13|27|11|26|3|15|1368|1437|1928|48|4186.5|14926.7
127 MONTPELLIER|montpellier127@louispion.fr|ROLE_BOUTIQUE|Romain DEBROISE|LOUIS PION|2016-05-01 00:00:00+02|570|2464|15.96|5.96|17.41|4.55|14.04|5.96|15.18|4.14|11.93|5.44|10.84|4.18|121|119|119|118|103|103|411|318|557|9|374|3791.92
132 ARGENTEUIL|argenteuil132@louispion.fr|ROLE_BOUTIQUE|Stéphane MORICEAU|LOUIS PION|2016-05-01 00:00:00+02|395|3363|32.15|10.13|30.15|8.30|26.84|8.10|26.82|7.23|20.00|5.32|22.39|5.74|86|77|86|71|66|52|985|801|1294|14|2380.1|16764.53
136 LYON PART DIEU|lyonpartdieu136@louispion.fr|ROLE_BOUTIQUE|Céline BRAISSAND|LOUIS PION|2016-05-01 00:00:00+02|1154|5887|35.79|5.29|18.87|4.11|32.58|4.68|16.19|3.62|8.41|2.95|4.40|1.63|68|118|63|116|114|127|1035|440|1235|24|2694.6|11964.53
139 TOURS|Stpierredescorps139@louispion.fr|ROLE_BOUTIQUE|David DESGARCEAUX|LOUIS PION|2016-05-01 00:00:00+02|723|3850|11.07|1.11|11.51|1.06|8.85|0.69|8.62|0.81|8.85|0.69|8.47|0.86|126|127|126|128|113|112|761|1027|1112|30|1733.1|9344.76
141 PARIS LA DEFENSE|ladefense141@louispion.fr|ROLE_BOUTIQUE|Steve BENDJAICHE|LOUIS PION|2016-05-01 00:00:00+02|1448|7432|29.21|4.56|22.07|3.92|26.52|4.35|20.36|3.70|13.40|4.49|9.19|3.71|93|106|90|100|95|109|2031|1720|2715|60|6870.1|28870.77
142 PARIS PASSAGE DU HAVRE|Passageduhavre142@louispion.fr|ROLE_BOUTIQUE|Stéphane MORICEAU|LOUIS PION|2016-05-01 00:00:00+02|1645|8470|37.63|5.23|36.38|6.02|32.04|4.50|30.35|5.01|10.52|2.49|11.49|2.96|65|48|65|57|107|99|2843|1988|3783|46|3484.9|20416.46
143 ORLEANS|orleans143@louispion.fr|ROLE_BOUTIQUE|David DESGARCEAUX|LOUIS PION|2016-05-01 00:00:00+02|604|3262|38.25|5.79|32.71|4.29|32.62|5.13|28.39|3.95|32.45|4.97|27.65|3.92|63|66|62|64|34|32|1121|1046|1544|39|2738.5|16111.6
145 PARIS LES HALLES|Forum145@louispion.fr|ROLE_BOUTIQUE|Stéphane MORICEAU|LOUIS PION|2016-05-01 00:00:00+02|907|4523|27.67|3.97|17.16|2.79|19.51|2.43|13.58|1.92|17.20|3.86|11.19|3.34|97|120|107|122|77|101|919|812|1174|18|1459.1|7456.2
149 PARIS RUE DE RENNES|ruederennes149@louispion.fr|ROLE_BOUTIQUE|Stéphane MORICEAU|LOUIS PION|2016-05-01 00:00:00+02|673|3621|17.68|4.01|21.98|3.40|14.56|2.97|18.31|2.65|5.79|2.38|8.12|2.38|118|107|117|104|122|113|1055|981|1455|21|2677.5|12807.3
153 LE HAVRE|Lehavrecoty153@louispion.fr|ROLE_BOUTIQUE|David DESGARCEAUX|LOUIS PION|2016-05-01 00:00:00+02|826|3938|37.29|4.72|28.64|3.22|28.57|3.63|17.85|2.16|28.33|3.63|17.45|2.23|66|85|79|107|46|68|1258|1174|1674|76|6795.6|20275.89
155 LORIENT|Lorien155@louispion.fr|ROLE_BOUTIQUE|David DESGARCEAUX|LOUIS PION|2016-05-01 00:00:00+02|779|3736|15.28|1.67|8.32|0.67|12.07|1.16|6.58|0.56|5.65|1.16|4.95|0.62|123|129|123|129|123|126|375|325|472|7|189|1373.6
156 MARSEILLE|marseillebourse156@louispion.fr|ROLE_BOUTIQUE|Claire LUNGAVIA|LOUIS PION|2016-05-01 00:00:00+02|275|1448|14.91|3.64|15.54|3.66|12.73|2.91|14.16|3.38|10.18|2.55|9.60|2.97|124|123|122|120|109|106|289|281|401|9|2804.1|5242.65
182 TROYES|Troyes182@louispion.fr|ROLE_BOUTIQUE|Stéphane MORICEAU|LOUIS PION|2016-05-01 00:00:00+02|0||0.0|0.0|0.0|0.0|0.0|0.0|0.0|0.0|0.0|0.0|0.0|0.0|134|135|134|135|134|135|268|460|418|1|82|82
191 VAL D'EUROPE|valdeurope191@louispion.fr|ROLE_BOUTIQUE|Steve BENDJAICHE|LOUIS PION|2016-05-01 00:00:00+02|1257|5668|52.90|16.95|40.42|9.54|47.10|15.19|36.29|8.38|11.85|3.26|11.24|2.82|21|32|24|35|104|100|2666|2136|3486|71|6095.7|23270.83
193 ANNECY|annecy193@louispion.fr|ROLE_BOUTIQUE|Céline BRAISSAND|LOUIS PION|2016-05-01 00:00:00+02|833|4061|27.97|2.40|30.16|3.28|26.29|2.16|27.90|2.91|26.05|2.28|27.55|3.03|95|76|92|66|52|33|1167|1032|1572|38|2141|11158.99
194 VILLENEUVE D'ASCQ|Villeneuve194@louispion.fr|ROLE_BOUTIQUE|Jérémie BOURGAIN|LOUIS PION|2016-05-01 00:00:00+02|826|3799|33.41|16.10|27.64|13.16|27.97|13.08|21.95|10.42|6.05|6.78|6.76|3.90|81|88|82|97|121|122|965|632|1258|35|2972.7|9497.81
195 PAU LESCAR|pau195@louispion.fr|ROLE_BOUTIQUE|Romain DEBROISE|LOUIS PION|2016-05-01 00:00:00+02|707|3193|15.98|3.82|16.32|2.79|12.87|3.39|12.37|2.19|12.45|3.25|11.53|2.25|120|121|121|123|102|98|498|493|709|18|1130|5749.7
196 BELLE EPINE|belleepine196@louispion.fr|ROLE_BOUTIQUE|Steve BENDJAICHE|LOUIS PION|2016-05-01 00:00:00+02|628|3633|63.85|18.15|38.92|8.97|62.42|17.83|37.30|8.64|11.62|6.21|8.89|3.72|4|39|3|30|106|111|1490|1013|1908|60|4470.3|18926.27
200 ROSNY|rosny200@louispion.fr|ROLE_BOUTIQUE|Steve BENDJAICHE|LOUIS PION|2016-05-01 00:00:00+02|617|3170|62.24|7.13|49.12|6.18|59.64|6.81|44.95|5.58|19.29|1.46|16.25|2.40|6|14|5|13|68|78|1918|1450|2509|55|6230|21494.06
204 MARSEILLE|bonneveine204@louispion.fr|ROLE_BOUTIQUE|Claire LUNGAVIA|LOUIS PION|2016-05-01 00:00:00+02|274|1404|40.15|9.12|37.82|7.26|37.23|8.76|34.54|7.19|32.85|8.39|30.41|6.77|56|43|46|40|32|30|561|446|740|18|860|3832.55
205 Montmartre|montmartre205@louispion.fr|ROLE_BOUTIQUE|Steve BENDJAICHE|LOUIS PION|2016-05-01 00:00:00+02|512|2915|31.05|6.45|25.39|4.56|26.56|6.45|22.57|4.36|8.20|1.37|6.38|1.65|88|100|89|93|115|123|835|400|1020|17|1499.2|17443.5
206 Commerce|commerce206@louispion.fr|ROLE_BOUTIQUE|Stéphane MORICEAU|LOUIS PION|2016-05-01 00:00:00+02|648|3273|45.68|5.71|46.44|5.47|42.75|5.40|42.93|5.04|37.96|4.32|37.34|4.55|36|19|30|18|21|13|1331|712|1621|53|3855.8|15707.16
207 GARE DE L'EST|207garedelest@louispion.fr|ROLE_BOUTIQUE|Steve BENDJAICHE|LOUIS PION|2016-05-01 00:00:00+02|289|1993|27.68|16.26|35.42|11.64|24.91|14.88|31.41|10.49|6.23|6.57|5.87|4.52|96|54|94|53|120|124|876|805|1206|21|2634.2|9209.74
209 TAVERNY|209taverny@louispion.fr|ROLE_BOUTIQUE|Stéphane MORICEAU|LOUIS PION|2016-05-01 00:00:00+02|689|3138|22.35|2.32|21.73|2.26|18.14|1.89|16.48|1.72|14.66|1.02|13.99|1.43|110|109|110|115|91|90|653|434|845|24|1979|9820.04
215 Passy|passy215@louispion.fr|ROLE_BOUTIQUE|Stéphane MORICEAU|LOUIS PION|2016-05-01 00:00:00+02|716|3563|29.89|4.75|31.24|5.44|25.14|5.03|24.31|4.66|21.23|4.75|22.12|4.60|90|70|93|87|63|54|1260|891|1615|47|2324.7|15376.1
217 Lyon confluence|217lyonconfluence@louispion.fr|ROLE_BOUTIQUE|Céline BRAISSAND|LOUIS PION|2016-05-01 00:00:00+02|404|1987|65.84|10.40|64.47|7.80|60.89|8.66|59.34|7.00|51.73|6.68|39.05|5.13|3|2|4|2|6|10|1513|1328|2017|46|3281.2|12558.82
219 Saint Michel|219stmichel@louispion.fr|ROLE_BOUTIQUE|Stéphane MORICEAU|LOUIS PION|2016-05-01 00:00:00+02|509|2536|7.07|1.96|12.58|1.50|5.89|1.57|11.55|1.22|4.52|1.57|7.93|1.34|127|126|128|124|126|116|431|375|569|7|562.9|3773.46
220 Beaugrenelle|220beaugrenelle@louispion.fr|ROLE_BOUTIQUE|Stéphane MORICEAU|LOUIS PION|2016-05-01 00:00:00+02|991|4626|38.75|4.84|28.56|3.91|35.72|4.04|25.53|3.52|33.91|4.44|23.84|3.76|62|87|52|79|28|45|1341|767|1664|36|4039.2|14675.2
221 Dijon Toison|221dijontoison@louispion.fr|ROLE_BOUTIQUE|Céline BRAISSAND|LOUIS PION|2016-05-01 00:00:00+02|359|1871|69.64|7.80|68.47|7.70|64.35|6.69|62.53|6.68|61.28|6.41|54.57|6.09|2|1|2|1|1|2|1799|1987|2486|50|3386.9|23368.28
300 MARSEILLE|glstferreol300@louispion.fr|ROLE_BOUTIQUE|Claire LUNGAVIA|LOUIS PION|2016-05-01 00:00:00+02|377|1960|25.46|1.33|26.22|3.21|22.81|1.33|23.57|3.21|22.28|1.59|22.91|3.27|103|95|98|90|59|50|692|812|1006|17|2623|8931.67
302 GL Haussmann|lpHausmann302@louispion.fr|ROLE_BOUTIQUE|Stéphane MORICEAU|LOUIS PION|2016-05-01 00:00:00+02|567|2966|5.11|3.00|1.62|1.11|4.41|1.94|1.31|0.78|4.06|1.94|1.11|0.81|130|132|129|132|128|132|170|183|225|3|539|691.12
303 BHV Rivoli|lprivoli303@louispion.fr|ROLE_BOUTIQUE|Steve BENDJAICHE|LOUIS PION|2016-05-01 00:00:00+02|1058|6267|42.53|5.77|30.75|5.98|38.09|5.58|27.32|5.54|2.93|0.95|2.82|1.20|48|74|44|69|129|130|1895|1059|2426|27|2719|13874.07
304 GL Tours|304lpgltours@louispion.fr|ROLE_BOUTIQUE|David DESGARCEAUX|LOUIS PION|2016-05-01 00:00:00+02|309|1601|34.63|8.41|32.79|7.43|27.83|7.44|26.73|6.18|26.86|7.44|25.86|6.56|74|65|83|73|50|39|880|1252|1350|15|1230.65|6222.44
305 GL Grenoble|305glgrenoble@louispion.fr|ROLE_BOUTIQUE|Céline BRAISSAND|LOUIS PION|2016-05-01 00:00:00+02|580|2979|39.14|8.62|36.05|8.39|35.69|7.24|32.39|7.22|8.97|2.07|8.02|3.36|59|51|53|50|112|114|1016|874|1374|20|2407|13868.07
306 GL Toulouse|306gltoulouse@louispion.fr|ROLE_BOUTIQUE|Romain DEBROISE|LOUIS PION|2016-05-01 00:00:00+02|685|3509|41.75|10.66|36.34|7.89|36.50|9.78|28.67|6.61|18.54|4.09|10.97|2.71|52|49|51|60|72|102|1379|1179|1842|18|2690|7638.5
307 GL Cap 3000|307glcap3000@louispion.fr|ROLE_BOUTIQUE|Claire LUNGAVIA|LOUIS PION|2016-05-01 00:00:00+02|677|3272|32.35|4.58|28.64|3.58|30.72|4.28|26.74|3.33|12.56|1.77|18.37|2.57|84|86|71|72|101|65|1205|1133|1507|29|5358.15|22598.62
308 GL Belle Epine|308glbelleepine@louispion.fr|ROLE_BOUTIQUE|Steve BENDJAICHE|LOUIS PION|2016-05-01 00:00:00+02|0||0.0|0.0|0.0|0.0|0.0|0.0|0.0|0.0|0.0|0.0|0.0|0.0|135|136|135|136|135|136|212|304|313|3|591|1090
309 GL Bordeaux|309glbordeaux@louispion.fr|ROLE_BOUTIQUE|Romain DEBROISE|LOUIS PION|2016-05-01 00:00:00+02|1754|8425|33.47|7.35|31.47|6.09|30.16|5.82|26.15|5.02|23.77|4.22|18.27|3.29|80|68|74|76|56|67|2622|2061|3474|72|6030.4|26561.59
310 GL Lille|310gllille@louispion.fr|ROLE_BOUTIQUE|Jérémie BOURGAIN|LOUIS PION|2016-05-01 00:00:00+02|0||0.0|0.0|0.0|0.0|0.0|0.0|0.0|0.0|0.0|0.0|0.0|0.0|136|137|136|137|136|137|315|441|458|6|288.8|1026
311 GL Lyon Bron|311gllyonbron@louispion.fr|ROLE_BOUTIQUE|Céline BRAISSAND|LOUIS PION|2016-05-01 00:00:00+02|592|3129|41.05|3.89|40.59|5.62|36.82|4.39|36.85|5.43|31.25|4.39|27.04|4.51|54|30|49|34|35|35|1384|1074|1846|56|8914.5|33511.35
312 GL Lyon Part Dieu|312gllyonpartdieu@louispion.fr|ROLE_BOUTIQUE|Céline BRAISSAND|LOUIS PION|2016-05-01 00:00:00+02|658|3535|38.91|7.75|27.10|6.45|32.52|6.38|22.32|5.63|30.55|6.69|20.71|5.80|61|89|64|94|41|58|1096|972|1492|24|4590.2|15778.88
313 GL Maine|313glmaine@louispion.fr|ROLE_BOUTIQUE|Stéphane MORICEAU|LOUIS PION|2016-05-01 00:00:00+02|940|5156|18.09|4.04|19.57|4.23|13.83|3.30|16.02|3.65|12.77|2.45|14.62|2.99|117|115|120|117|99|86|1029|795|1318|19|2772|14553.96
314 GL Marseille Bourse|314glmarseillebourse@louispion.fr|ROLE_BOUTIQUE|Claire LUNGAVIA|LOUIS PION|2016-05-01 00:00:00+02|389|1880|37.79|7.46|35.80|5.80|34.70|6.43|32.82|5.16|34.19|5.91|30.32|4.57|64|52|57|47|26|31|848|842|1163|16|1349.05|10941.7
315 GL Montpellier|315glmontpellier@louispion.fr|ROLE_BOUTIQUE|Romain DEBROISE|LOUIS PION|2016-05-01 00:00:00+02|469|2330|59.91|7.89|50.17|8.45|56.50|7.25|46.52|7.60|55.01|7.89|44.85|8.11|10|11|8|10|2|6|1087|760|1440|11|1466.3|9495.73
316 GL Nantes Decre|316glnantesdecre@louispion.fr|ROLE_BOUTIQUE|David DESGARCEAUX|LOUIS PION|2016-05-01 00:00:00+02|693|3764|32.61|4.91|30.90|6.91|27.56|3.32|24.87|5.58|27.13|3.46|24.52|5.53|83|72|85|83|47|44|1940|2405|2803|29|4256.2|21918.35
317 GL Nice Massena|317glnicemassena@louispion.fr|ROLE_BOUTIQUE|Claire LUNGAVIA|LOUIS PION|2016-05-01 00:00:00+02|872|3853|24.43|3.56|23.80|5.92|20.07|2.29|18.17|4.02|18.92|2.18|17.26|3.94|105|104|105|106|71|70|1196|1371|1600|25|3562.95|18146.3
318 GL Perpignan|318glperpignan@louispion.fr|ROLE_BOUTIQUE|Romain DEBROISE|LOUIS PION|2016-05-01 00:00:00+02|296|1478|48.99|13.85|45.53|11.16|39.53|10.81|37.75|8.32|38.85|10.81|36.54|7.98|27|22|41|25|20|16|1167|1558|1627|29|3578|15393.91
319 GL Rosny|319glrosny@louispion.fr|ROLE_BOUTIQUE|Steve BENDJAICHE|LOUIS PION|2016-05-01 00:00:00+02|411|2611|60.83|11.68|36.96|8.96|56.45|11.44|33.44|7.97|13.87|5.60|7.62|3.10|9|45|9|44|94|117|1145|861|1491|33|6434.6|19076.97
320 GL Strasbourg|320glstrasbourg@louispion.fr|ROLE_BOUTIQUE|Jérémie BOURGAIN|LOUIS PION|2016-05-01 00:00:00+02|1428|5851|41.95|16.11|33.86|11.02|35.64|13.52|28.51|9.09|21.15|7.70|20.24|6.43|51|61|54|62|64|60|2163|1843|2784|45|3480|19263.65
321 GL Amiens|321glamiens@louispion.fr|ROLE_BOUTIQUE|Jérémie BOURGAIN|LOUIS PION|2016-05-01 00:00:00+02|245|1221|50.20|9.39|54.79|8.76|46.12|8.57|50.86|8.11|44.90|8.57|49.88|8.44|24|6|25|5|11|3|1025|1395|1509|17|1452.3|8784.14
322 GL Angers|322glangers@louispion.fr|ROLE_BOUTIQUE|David DESGARCEAUX|LOUIS PION|2016-05-01 00:00:00+02|414|2147|55.31|5.80|45.83|4.75|48.31|5.07|39.73|4.33|48.07|5.07|39.45|4.38|19|21|19|21|9|9|1509|2007|2176|37|2206|16553.3
323 GL Annecy|323glannecy@louispion.fr|ROLE_BOUTIQUE|Céline BRAISSAND|LOUIS PION|2016-05-01 00:00:00+02|276|1501|41.67|4.35|43.90|4.86|36.96|4.71|38.44|4.13|36.96|4.71|37.31|4.93|53|25|48|24|23|14|773|542|996|23|3687.2|15854.97
324 GL Avignon Cap Sud|324glavignoncapsud@louispion.fr|ROLE_BOUTIQUE|Claire LUNGAVIA|LOUIS PION|2016-05-01 00:00:00+02|270|1510|32.22|11.11|39.93|9.34|30.74|10.37|37.48|9.21|16.30|7.78|22.25|6.49|85|34|70|28|85|53|863|849|1171|16|2171.2|11370.87
325 GL Bayonne|325glbayonne@louispion.fr|ROLE_BOUTIQUE|Romain DEBROISE|LOUIS PION|2016-05-01 00:00:00+02|206|1034|39.32|6.80|42.46|6.67|33.50|5.34|35.98|5.42|33.01|5.83|35.49|5.71|58|28|61|36|31|20|745|839|1042|15|1439.2|4753.2
326 GL Besancon|326glbesancon@louispion.fr|ROLE_BOUTIQUE|Céline BRAISSAND|LOUIS PION|2016-05-01 00:00:00+02|295|1528|44.75|3.73|33.18|4.19|30.51|2.71|26.18|3.47|29.49|2.71|25.00|3.60|38|62|72|75|43|40|622|502|822|12|789.3|4521.75
327 GL Biarritz|327glbiarritz@louispion.fr|ROLE_BOUTIQUE|Romain DEBROISE|LOUIS PION|2016-05-01 00:00:00+02|314|1398|27.39|5.10|21.96|4.15|23.25|5.10|17.81|3.29|9.24|3.18|7.01|1.36|98|108|97|108|110|121|534|551|747|8|1487|4056.92
328 GL Caen|328glcaen@louispion.fr|ROLE_BOUTIQUE|David DESGARCEAUX|LOUIS PION|2016-05-01 00:00:00+02|404|2072|32.92|5.69|32.96|6.66|26.73|4.70|27.85|5.74|21.78|3.71|23.21|5.12|82|64|87|68|60|48|1031|1625|1581|24|2682.2|8686.63
329 GL Cannes|329glcannes@louispion.fr|ROLE_BOUTIQUE|Claire LUNGAVIA|LOUIS PION|2016-05-01 00:00:00+02|272|1415|56.62|10.29|51.66|11.38|52.57|9.93|47.77|10.81|45.59|10.66|38.73|9.54|16|9|15|8|10|12|1046|1253|1394|24|2198.2|13871.05
330 GL Chambery|330glchambery@louispion.fr|ROLE_BOUTIQUE|Céline BRAISSAND|LOUIS PION|2016-05-01 00:00:00+02|260|1357|35.77|5.00|26.38|4.13|29.62|4.62|18.28|2.73|26.92|5.38|16.43|2.80|69|94|77|105|49|75|357|263|444|9|693|2987.5
331 GL Clermont Ferrand|331glclermontferrand@louispion.fr|ROLE_BOUTIQUE|Romain DEBROISE|LOUIS PION|2016-05-01 00:00:00+02|406|2199|26.85|2.96|21.10|4.18|22.17|2.46|17.19|3.27|21.43|2.96|16.69|3.41|99|111|102|110|62|73|620|695|909|15|2105.2|7111.4
332 GL Dijon|332gldijon@louispion.fr|ROLE_BOUTIQUE|Céline BRAISSAND|LOUIS PION|2016-05-01 00:00:00+02|352|1791|33.81|3.41|36.13|4.47|29.83|3.41|30.93|3.96|29.26|3.69|30.49|4.02|77|50|76|55|44|29|807|735|1146|17|2098|10315.53
333 GL Evry|333glevry@louispion.fr|ROLE_BOUTIQUE|Stéphane MORICEAU|LOUIS PION|2016-05-01 00:00:00+02|409|2362|23.47|3.67|21.63|3.90|17.60|2.44|16.60|2.62|15.65|2.20|14.52|2.58|107|110|113|113|87|87|741|936|1093|24|3142.7|11465.8
334 GL Le Mans|334gllemans@louispion.fr|ROLE_BOUTIQUE|David DESGARCEAUX|LOUIS PION|2016-05-01 00:00:00+02|423|1972|34.04|3.31|29.77|3.60|31.91|3.07|26.67|3.30|30.97|3.07|26.27|3.35|75|80|66|74|37|38|799|1056|1217|28|3178.4|9275.7
335 GL Limoges|335gllimoges@louispion.fr|ROLE_BOUTIQUE|Romain DEBROISE|LOUIS PION|2016-05-01 00:00:00+02|451|2288|25.94|4.43|33.09|4.15|20.62|2.88|28.63|3.32|17.52|2.66|20.76|2.88|102|63|103|61|75|57|882|908|1231|17|1772.5|9071.78
336 GL Metz|336glmetz@louispion.fr|ROLE_BOUTIQUE|Jérémie BOURGAIN|LOUIS PION|2016-05-01 00:00:00+02|501|2243|43.71|12.18|34.15|8.78|37.72|9.38|28.40|6.91|7.98|2.20|5.71|1.43|45|59|45|63|116|125|1094|1020|1497|20|1449|8786.46
337 GL Orleans|337glorleans@louispion.fr|ROLE_BOUTIQUE|David DESGARCEAUX|LOUIS PION|2016-05-01 00:00:00+02|355|1802|56.34|13.80|52.50|11.65|49.30|12.11|43.78|9.93|49.01|12.11|43.12|9.99|17|8|18|16|8|8|989|1018|1376|33|2922.6|13394.5
338 GL Pau|338glpau@louispion.fr|ROLE_BOUTIQUE|Romain DEBROISE|LOUIS PION|2016-05-01 00:00:00+02|0|742|0.0|0.0|29.51|7.82|0.0|0.0|24.53|7.28|0.0|0.0|22.64|7.28|137|82|137|85|137|51|388|585|600|3|30|2109.47
339 GL Reims|339glreims@louispion.fr|ROLE_BOUTIQUE|Jérémie BOURGAIN|LOUIS PION|2016-05-01 00:00:00+02|325|1694|39.69|10.77|40.50|12.93|36.62|9.85|37.49|12.40|35.69|9.85|36.25|12.34|57|31|50|27|25|18|1039|1328|1499|13|1642|6179.91
340 GL Rennes|340glrennes@louispion.fr|ROLE_BOUTIQUE|David DESGARCEAUX|LOUIS PION|2016-05-01 00:00:00+02|524|2563|23.09|6.68|26.14|5.07|17.75|4.58|20.68|3.51|17.18|4.58|20.09|3.71|108|96|112|99|78|61|1095|1505|1631|17|845|7169.15
341 GL Rouen|341glrouen@louispion.fr|ROLE_BOUTIQUE|David DESGARCEAUX|LOUIS PION|2016-05-01 00:00:00+02|251|1399|46.22|3.19|43.75|3.86|41.83|1.99|39.53|3.15|41.43|1.99|38.96|3.15|35|26|34|22|15|11|934|977|1296|21|1812.5|7447.25
342 GL Toulon|342gltoulon@louispion.fr|ROLE_BOUTIQUE|Claire LUNGAVIA|LOUIS PION|2016-05-01 00:00:00+02|395|939|6.84|0.00|11.29|1.38|6.08|0.25|10.12|1.17|4.56|0.25|7.35|1.06|128|128|127|126|125|118|115|161|173|8|472.8|1376.37
343 LP Parly2|343lpparly2@louispion.fr|ROLE_BOUTIQUE|Steve BENDJAICHE|LOUIS PION|2016-05-01 00:00:00+02|299|1809|51.84|14.72|39.08|10.67|42.81|12.37|32.39|9.12|16.72|7.36|13.82|4.92|22|38|29|49|82|93|773|517|980|16|879|4718.68
346 GL Homme Mode|346@louispion.fr|ROLE_BOUTIQUE|Stéphane MORICEAU|LOUIS PION|2016-05-01 00:00:00+02|721|3449|2.08|0.69|3.74|0.67|1.53|0.28|2.99|0.43|0.97|0.28|2.17|0.32|131|131|131|131|131|131|160|114|205|5|1109.3|3751.1
401 RUE ROYALE|rueroyale401@royal-quartz.fr|ROLE_BOUTIQUE|Doris SEITZ Royal Quartz|ROYAL QUARTZ|2016-05-01 00:00:00+02|261|1475|14.94|0.77|17.42|0.75|11.88|0.77|14.64|0.75|11.88|0.77|13.90|1.22|4|3|3|2|3|2||||||
402 CDG2F1|CDG2F1402@royalquartz.fr|ROLE_BOUTIQUE|Julien GAUTHEROT|ROYAL QUARTZ|2016-05-01 00:00:00+02|288|1197|1.39|0.35|3.34|0.08|0.35|0.00|0.92|0.00|0.35|0.00|0.75|0.00|11|9|9|7|9|7||||||
403 CDG2F2|CDG2F2403@royalquartz.fr|ROLE_BOUTIQUE|Julien GAUTHEROT|ROYAL QUARTZ|2016-05-01 00:00:00+02|312|1450|1.60|0.00|1.24|0.00|0.00|0.00|0.21|0.00|0.00|0.00|0.14|0.00|10|12|10|11|10|12||||||
404 ROYAL QUARTZ ROISSY CDG E2-S3|CDG2E2404@royal-quartz.fr|ROLE_BOUTIQUE|Julien GAUTHEROT|ROYAL QUARTZ|2016-05-01 00:00:00+02|514|2396|5.25|0.00|9.68|0.08|0.97|0.00|1.17|0.00|0.78|0.00|0.92|0.00|7|6|8|6|8|6||||||
406 CDG2E1 Royal Quartz|CDG2E1406@royalquartz.fr|ROLE_BOUTIQUE|Julien GAUTHEROT|ROYAL QUARTZ|2016-05-01 00:00:00+02|516|2498|0.39|0.00|4.12|0.04|0.00|0.00|0.16|0.00|0.00|0.00|0.16|0.00|12|8|11|12|11|11||||||
410 Madeleine|madeleine410@louispion.fr|ROLE_BOUTIQUE|Doris SEITZ Louis Pion|LOUIS PION|2016-05-01 00:00:00+02|288|1547|21.53|1.04|23.14|2.33|14.93|0.35|16.61|1.23|12.85|0.69|15.26|1.49|112|105|116|112|98|84|745|422|941|12|1960.1|32223.2
411 Elysées|elysees411@louispion.fr|ROLE_BOUTIQUE|Doris SEITZ Louis Pion|LOUIS PION|2016-05-01 00:00:00+02|1084|5054|5.72|1.20|6.89|1.27|3.60|0.83|4.29|0.93|2.86|0.83|3.21|1.35|129|130|130|130|130|129|589|348|736|11|3891.9|39671.1
412 Auber|auber412@louispion.fr|ROLE_BOUTIQUE|Doris SEITZ Louis Pion|LOUIS PION|2016-05-01 00:00:00+02|647|3608|15.46|1.70|12.78|1.14|11.28|0.77|9.78|0.75|10.51|0.93|9.04|1.14|122|125|124|127|108|110|1010|723|1303|21|2782.5|21805.55
413 Carrousel|413carrousel@louispion.fr|ROLE_BOUTIQUE|Doris SEITZ Louis Pion|LOUIS PION|2016-05-01 00:00:00+02|0||0.0|0.0|0.0|0.0|0.0|0.0|0.0|0.0|0.0|0.0|0.0|0.0|138|138|138|138|138|138|130|149|201|2|142|233
415 ROYAL QUARTZ ROISSY CDG 2G|CDGT2G415@louispion.fr|ROLE_BOUTIQUE|Julien GAUTHEROT|ROYAL QUARTZ|2016-05-01 00:00:00+02|0||0.0|0.0|0.0|0.0|0.0|0.0|0.0|0.0|0.0|0.0|0.0|0.0|13|15|12|13|12|13||||||
417 ROYAL QUARTZ Liaison AC|CDGAC417@royal-quartz.fr|ROLE_BOUTIQUE|Julien GAUTHEROT|ROYAL QUARTZ|2016-05-01 00:00:00+02|325|1219|19.38|0.31|29.37|0.33|2.77|0.00|2.54|0.08|0.92|0.00|1.15|0.08|2|2|5|5|7|5||||||
418 S4|418S4@royalquartz.fr|ROLE_BOUTIQUE|Julien GAUTHEROT|ROYAL QUARTZ|2016-05-01 00:00:00+02|246|1123|0.00|0.00|0.36|0.00|0.00|0.00|0.00|0.00|0.00|0.00|0.00|0.00|14|14|13|14|13|14||||||
419 GL HAUSSMANN HOMME LUXE|419glhommeluxe@royal-quartz.fr|ROLE_BOUTIQUE|Doris SEITZ Royal Quartz|ROYAL QUARTZ|2016-05-01 00:00:00+02|0||0.0|0.0|0.0|0.0|0.0|0.0|0.0|0.0|0.0|0.0|0.0|0.0|15|16|14|15|14|15||||||
420 ROYAL QUARTZ GL STRASBOURG|420@royal-quartz.fr|ROLE_BOUTIQUE|Jérémie BOURGAIN|ROYAL QUARTZ|2016-05-01 00:00:00+02|0||0.0|0.0|0.0|0.0|0.0|0.0|0.0|0.0|0.0|0.0|0.0|0.0|16|17|15|16|15|16||||||
421 AUGIS1830|421augis1830@augis1830.com|ROLE_BOUTIQUE|Doris SEITZ Royal Quartz|ROYAL QUARTZ|2016-05-01 00:00:00+02|246|1086|14.63|0.81|13.90|0.92|13.01|0.81|11.88|0.92|12.60|1.22|11.51|1.10|5|4|1|3|1|3||||||
422 ROYAL QUARTZ Terminal 1 |T1CDG422@royal-quartz.fr|ROLE_BOUTIQUE|Julien GAUTHEROT|ROYAL QUARTZ|2016-05-01 00:00:00+02|254|1220|14.96|0.00|13.44|0.00|0.00|0.00|0.25|0.00|0.00|0.00|0.16|0.00|3|5|16|10|16|10||||||
423 ROYAL QUARTZ CDG S4|423@louispion.fr|ROLE_BOUTIQUE|Julien GAUTHEROT|ROYAL QUARTZ|2016-05-01 00:00:00+02|24|126|0.00|0.00|2.38|0.00|0.00|0.00|0.00|0.00|0.00|0.00|0.00|0.00|17|10|17|17|17|17||||||
453 ORLY ROLEX|453@royalquartz.fr|ROLE_BOUTIQUE|Julien GAUTHEROT|ROYAL QUARTZ|2016-05-01 00:00:00+02|16|81|37.50|0.00|37.04|0.00|12.50|6.25|24.69|1.23|12.50|6.25|20.99|2.47|1|1|2|1|2|1||||||
454 ROYAL QUARTZ ORLY SUD MULTIMARQUE|454SudInternationale@royalquartz.fr|ROLE_BOUTIQUE|Julien GAUTHEROT|ROYAL QUARTZ|2016-05-01 00:00:00+02|778|4169|5.14|0.00|2.21|0.02|1.41|0.00|0.65|0.02|1.29|0.13|0.55|0.05|8|11|6|8|6|8||||||
455 ROYAL QUARTZ ORLY OUEST CENTRAL|455Ouest2@royalquartz.fr|ROLE_BOUTIQUE|Julien GAUTHEROT|ROYAL QUARTZ|2016-05-01 00:00:00+02|538|2642|5.76|0.00|4.24|0.00|5.20|0.19|3.71|0.04|5.20|0.19|3.52|0.08|6|7|4|4|4|4||||||
456 ROYAL QUARTZ ORLY OUEST HALL 3|456ouest3@royalquartz.fr|ROLE_BOUTIQUE|Julien GAUTHEROT|ROYAL QUARTZ|2016-05-01 00:00:00+02|284|1441|1.76|0.00|0.83|0.00|1.41|0.00|0.49|0.07|1.41|0.00|0.42|0.07|9|13|7|9|5|9||||||
Céline BRAISSAND|cbraissand@louispion.fr|ROLE_DR|""|LOUIS PION|2016-05-01 00:00:00+02|11944|60744|41.16|5.81|37.68|5.61|36.30|5.14|33.28|4.89|27.86|4.64|25.89|4.35|0|0|0|0|0|0|24889|21748|33494|826|75412.7|343498.04
Claire LUNGAVIA|clungavia@louispion.fr|ROLE_DR|""|LOUIS PION|2016-05-01 00:00:00+02|10881|52336|29.37|5.46|29.44|5.38|27.11|5.24|27.26|5.03|19.95|3.91|19.80|3.88|0|0|0|0|0|0|19419|20139|26117|529|54732.85|237627.47
David DESGARCEAUX|ddesgarceaux@louispion.fr|ROLE_DR|""|LOUIS PION|2016-05-01 00:00:00+02|10950|55687|36.54|5.39|30.49|4.55|31.53|4.58|25.66|3.86|29.94|4.47|24.84|3.87|0|0|0|0|0|0|21983|25283|31069|735|56294.85|249922.29
Doris SEITZ Louis Pion|dseitz@royalquartz.fr|ROLE_DR|""|LOUIS PION|2016-05-01 00:00:00+02|2019|10209|11.09|1.34|11.43|1.38|7.68|0.74|8.10|0.91|6.74|0.84|7.09|1.29|0|0|0|0|0|0|2474|1642|3181|46|8776.5|93932.85
Doris SEITZ Royal Quartz|dseitz@royalquartz.fr|ROLE_DR|""|ROYAL QUARTZ|2016-05-01 00:00:00+02|507|2561|14.79|0.79|15.93|0.82|12.43|0.79|13.47|0.82|12.23|0.99|12.89|1.17|0|0|0|0|0|0||||||
Jérémie BOURGAIN|jbourgain@louispion.fr|ROLE_DR|""|LOUIS PION|2016-05-01 00:00:00+02|9750|45295|43.36|11.71|36.24|8.37|36.17|8.66|29.95|6.36|25.28|5.83|22.19|4.63|0|0|0|0|0|0|18890|17529|25398|566|42071.77|173522.59
Julien GAUTHEROT|jgautherot@royalquartz.fr|ROLE_DR|""|ROYAL QUARTZ|2016-05-01 00:00:00+02|4095|19562|5.40|0.05|5.97|0.05|1.47|0.05|1.19|0.03|1.27|0.07|0.98|0.04|0|0|0|0|0|0||||||
LOUIS PION|""|ROLE_MARQUE|""|LOUIS PION|2016-05-01 00:00:00+02|80452|402907|36.35|6.61|31.62|5.45|31.82|5.64|27.47|4.66|21.41|4.17|18.97|3.63|0|0|0|0|0|0|148224|136169|199406|4425|394159.33|1774689.95
Romain DEBROISE|rdebroise@louispion.fr|ROLE_DR|""|LOUIS PION|2016-05-01 00:00:00+02|9877|48726|32.22|6.32|30.08|5.24|28.15|5.40|25.75|4.37|23.62|4.53|20.41|3.67|0|0|0|0|0|0|17676|17893|24454|458|40194.6|171348.66
ROYAL QUARTZ|""|ROLE_MARQUE|""|ROYAL QUARTZ|2016-05-01 00:00:00+02|4602|22123|6.43|0.13|7.12|0.14|2.67|0.13|2.61|0.12|2.48|0.17|2.36|0.17|0|0|0|0|0|0||||||
Stéphane MORICEAU|smoriceau@louispion.fr|ROLE_DR|""|LOUIS PION|2016-05-01 00:00:00+02|13048|67007|25.48|3.96|23.28|3.69|21.70|3.30|19.70|3.07|15.12|2.77|14.00|2.67|0|0|0|0|0|0|17043|13646|22365|455|41831.8|198301.58
Steve BENDJAICHE|sbendjaiche@louispion.fr|ROLE_DR|""|LOUIS PION|2016-05-01 00:00:00+02|11983|62903|51.49|9.46|38.58|6.78|46.45|8.60|34.63|6.15|12.84|4.10|10.21|3.15|0|0|0|0|0|0|25850|18289|33328|810|74844.26|306536.47
